Split,Rows,Churn_Rate
Training,4225,0.26532544378698225
Validation,1409,0.2654364797728886
Testing,1409,0.2654364797728886
