Selected_Model,Accuracy,Precision,Recall,F1,ROC_AUC
Tuned Random Forest,0.7579843860894251,0.5306122448979592,0.7647058823529411,0.6265060240963856,0.8376514505670515
