Model,Threshold,Accuracy,Precision,Recall,F1_Score,ROC_AUC
Random Forest,0.44,0.5325150169757117,0.3587157851409755,0.7897598550067966,0.49334842909708465,0.6683255534312075
